[{"model": "auth.permission", "pk": 1, "fields": {"name": "Can add log entry", "content_type": 1, "codename": "add_logentry"}}, {"model": "auth.permission", "pk": 2, "fields": {"name": "Can change log entry", "content_type": 1, "codename": "change_logentry"}}, {"model": "auth.permission", "pk": 3, "fields": {"name": "Can delete log entry", "content_type": 1, "codename": "delete_logentry"}}, {"model": "auth.permission", "pk": 4, "fields": {"name": "Can view log entry", "content_type": 1, "codename": "view_logentry"}}, {"model": "auth.permission", "pk": 5, "fields": {"name": "Can add permission", "content_type": 2, "codename": "add_permission"}}, {"model": "auth.permission", "pk": 6, "fields": {"name": "Can change permission", "content_type": 2, "codename": "change_permission"}}, {"model": "auth.permission", "pk": 7, "fields": {"name": "Can delete permission", "content_type": 2, "codename": "delete_permission"}}, {"model": "auth.permission", "pk": 8, "fields": {"name": "Can view permission", "content_type": 2, "codename": "view_permission"}}, {"model": "auth.permission", "pk": 9, "fields": {"name": "Can add group", "content_type": 3, "codename": "add_group"}}, {"model": "auth.permission", "pk": 10, "fields": {"name": "Can change group", "content_type": 3, "codename": "change_group"}}, {"model": "auth.permission", "pk": 11, "fields": {"name": "Can delete group", "content_type": 3, "codename": "delete_group"}}, {"model": "auth.permission", "pk": 12, "fields": {"name": "Can view group", "content_type": 3, "codename": "view_group"}}, {"model": "auth.permission", "pk": 13, "fields": {"name": "Can add content type", "content_type": 4, "codename": "add_contenttype"}}, {"model": "auth.permission", "pk": 14, "fields": {"name": "Can change content type", "content_type": 4, "codename": "change_contenttype"}}, {"model": "auth.permission", "pk": 15, "fields": {"name": "Can delete content type", "content_type": 4, "codename": "delete_contenttype"}}, {"model": "auth.permission", "pk": 16, "fields": {"name": "Can view content type", "content_type": 4, "codename": "view_contenttype"}}, {"model": "auth.permission", "pk": 17, "fields": {"name": "Can add session", "content_type": 5, "codename": "add_session"}}, {"model": "auth.permission", "pk": 18, "fields": {"name": "Can change session", "content_type": 5, "codename": "change_session"}}, {"model": "auth.permission", "pk": 19, "fields": {"name": "Can delete session", "content_type": 5, "codename": "delete_session"}}, {"model": "auth.permission", "pk": 20, "fields": {"name": "Can view session", "content_type": 5, "codename": "view_session"}}, {"model": "auth.permission", "pk": 21, "fields": {"name": "Can add Token", "content_type": 6, "codename": "add_token"}}, {"model": "auth.permission", "pk": 22, "fields": {"name": "Can change Token", "content_type": 6, "codename": "change_token"}}, {"model": "auth.permission", "pk": 23, "fields": {"name": "Can delete Token", "content_type": 6, "codename": "delete_token"}}, {"model": "auth.permission", "pk": 24, "fields": {"name": "Can view Token", "content_type": 6, "codename": "view_token"}}, {"model": "auth.permission", "pk": 25, "fields": {"name": "Can add token", "content_type": 7, "codename": "add_tokenproxy"}}, {"model": "auth.permission", "pk": 26, "fields": {"name": "Can change token", "content_type": 7, "codename": "change_tokenproxy"}}, {"model": "auth.permission", "pk": 27, "fields": {"name": "Can delete token", "content_type": 7, "codename": "delete_tokenproxy"}}, {"model": "auth.permission", "pk": 28, "fields": {"name": "Can view token", "content_type": 7, "codename": "view_tokenproxy"}}, {"model": "auth.permission", "pk": 29, "fields": {"name": "Can add application", "content_type": 8, "codename": "add_application"}}, {"model": "auth.permission", "pk": 30, "fields": {"name": "Can change application", "content_type": 8, "codename": "change_application"}}, {"model": "auth.permission", "pk": 31, "fields": {"name": "Can delete application", "content_type": 8, "codename": "delete_application"}}, {"model": "auth.permission", "pk": 32, "fields": {"name": "Can view application", "content_type": 8, "codename": "view_application"}}, {"model": "auth.permission", "pk": 33, "fields": {"name": "Can add comment", "content_type": 9, "codename": "add_comment"}}, {"model": "auth.permission", "pk": 34, "fields": {"name": "Can change comment", "content_type": 9, "codename": "change_comment"}}, {"model": "auth.permission", "pk": 35, "fields": {"name": "Can delete comment", "content_type": 9, "codename": "delete_comment"}}, {"model": "auth.permission", "pk": 36, "fields": {"name": "Can view comment", "content_type": 9, "codename": "view_comment"}}, {"model": "auth.permission", "pk": 37, "fields": {"name": "Can add pet", "content_type": 10, "codename": "add_pet"}}, {"model": "auth.permission", "pk": 38, "fields": {"name": "Can change pet", "content_type": 10, "codename": "change_pet"}}, {"model": "auth.permission", "pk": 39, "fields": {"name": "Can delete pet", "content_type": 10, "codename": "delete_pet"}}, {"model": "auth.permission", "pk": 40, "fields": {"name": "Can view pet", "content_type": 10, "codename": "view_pet"}}, {"model": "auth.permission", "pk": 41, "fields": {"name": "Can add notification", "content_type": 11, "codename": "add_notification"}}, {"model": "auth.permission", "pk": 42, "fields": {"name": "Can change notification", "content_type": 11, "codename": "change_notification"}}, {"model": "auth.permission", "pk": 43, "fields": {"name": "Can delete notification", "content_type": 11, "codename": "delete_notification"}}, {"model": "auth.permission", "pk": 44, "fields": {"name": "Can view notification", "content_type": 11, "codename": "view_notification"}}, {"model": "auth.permission", "pk": 45, "fields": {"name": "Can add user", "content_type": 12, "codename": "add_user"}}, {"model": "auth.permission", "pk": 46, "fields": {"name": "Can change user", "content_type": 12, "codename": "change_user"}}, {"model": "auth.permission", "pk": 47, "fields": {"name": "Can delete user", "content_type": 12, "codename": "delete_user"}}, {"model": "auth.permission", "pk": 48, "fields": {"name": "Can view user", "content_type": 12, "codename": "view_user"}}, {"model": "auth.permission", "pk": 49, "fields": {"name": "Can add admin", "content_type": 13, "codename": "add_admin"}}, {"model": "auth.permission", "pk": 50, "fields": {"name": "Can change admin", "content_type": 13, "codename": "change_admin"}}, {"model": "auth.permission", "pk": 51, "fields": {"name": "Can delete admin", "content_type": 13, "codename": "delete_admin"}}, {"model": "auth.permission", "pk": 52, "fields": {"name": "Can view admin", "content_type": 13, "codename": "view_admin"}}, {"model": "auth.permission", "pk": 53, "fields": {"name": "Can add seeker", "content_type": 14, "codename": "add_seeker"}}, {"model": "auth.permission", "pk": 54, "fields": {"name": "Can change seeker", "content_type": 14, "codename": "change_seeker"}}, {"model": "auth.permission", "pk": 55, "fields": {"name": "Can delete seeker", "content_type": 14, "codename": "delete_seeker"}}, {"model": "auth.permission", "pk": 56, "fields": {"name": "Can view seeker", "content_type": 14, "codename": "view_seeker"}}, {"model": "auth.permission", "pk": 57, "fields": {"name": "Can add shelter", "content_type": 15, "codename": "add_shelter"}}, {"model": "auth.permission", "pk": 58, "fields": {"name": "Can change shelter", "content_type": 15, "codename": "change_shelter"}}, {"model": "auth.permission", "pk": 59, "fields": {"name": "Can delete shelter", "content_type": 15, "codename": "delete_shelter"}}, {"model": "auth.permission", "pk": 60, "fields": {"name": "Can view shelter", "content_type": 15, "codename": "view_shelter"}}, {"model": "auth.permission", "pk": 61, "fields": {"name": "Can add report", "content_type": 16, "codename": "add_report"}}, {"model": "auth.permission", "pk": 62, "fields": {"name": "Can change report", "content_type": 16, "codename": "change_report"}}, {"model": "auth.permission", "pk": 63, "fields": {"name": "Can delete report", "content_type": 16, "codename": "delete_report"}}, {"model": "auth.permission", "pk": 64, "fields": {"name": "Can view report", "content_type": 16, "codename": "view_report"}}, {"model": "contenttypes.contenttype", "pk": 1, "fields": {"app_label": "admin", "model": "logentry"}}, {"model": "contenttypes.contenttype", "pk": 2, "fields": {"app_label": "auth", "model": "permission"}}, {"model": "contenttypes.contenttype", "pk": 3, "fields": {"app_label": "auth", "model": "group"}}, {"model": "contenttypes.contenttype", "pk": 4, "fields": {"app_label": "contenttypes", "model": "contenttype"}}, {"model": "contenttypes.contenttype", "pk": 5, "fields": {"app_label": "sessions", "model": "session"}}, {"model": "contenttypes.contenttype", "pk": 6, "fields": {"app_label": "authtoken", "model": "token"}}, {"model": "contenttypes.contenttype", "pk": 7, "fields": {"app_label": "authtoken", "model": "tokenproxy"}}, {"model": "contenttypes.contenttype", "pk": 8, "fields": {"app_label": "applications", "model": "application"}}, {"model": "contenttypes.contenttype", "pk": 9, "fields": {"app_label": "Comments", "model": "comment"}}, {"model": "contenttypes.contenttype", "pk": 10, "fields": {"app_label": "petlistings", "model": "pet"}}, {"model": "contenttypes.contenttype", "pk": 11, "fields": {"app_label": "notifications", "model": "notification"}}, {"model": "contenttypes.contenttype", "pk": 12, "fields": {"app_label": "auth_api", "model": "user"}}, {"model": "contenttypes.contenttype", "pk": 13, "fields": {"app_label": "auth_api", "model": "admin"}}, {"model": "contenttypes.contenttype", "pk": 14, "fields": {"app_label": "auth_api", "model": "seeker"}}, {"model": "contenttypes.contenttype", "pk": 15, "fields": {"app_label": "auth_api", "model": "shelter"}}, {"model": "contenttypes.contenttype", "pk": 16, "fields": {"app_label": "reports", "model": "report"}}, {"model": "petlistings.pet", "pk": 1, "fields": {"name": "Luna", "age": 5, "breed": "Golden Retriever", "species": "dog", "gender": "Male", "image": "uploads/goldenretreiver_9qXKyNZ.jpg", "status": "available", "size": 10, "days_on_petpal": 0, "color": "Golden", "shelter": 3, "description": "Meet Luna, a charming and affectionate four-year-old tabby cat with striking green eyes and a silky coat", "behavior": "N/A", "medicalhistory": "Fully vaccinated, chipped", "needs": "N/A"}}, {"model": "petlistings.pet", "pk": 2, "fields": {"name": "Milo", "age": 6, "breed": "Siamese", "species": "cat", "gender": "Male", "image": "uploads/Siam_lilacpoint_8m0bxGT.jpg", "status": "available", "size": 10, "days_on_petpal": 0, "color": "Grey", "shelter": 3, "description": "Introducing Milo, a charismatic and friendly four-year-old tabby cat with captivating amber eyes and a sleek coat.", "behavior": "N/A", "medicalhistory": "Fully Vaccinated, chipped", "needs": "N/A"}}, {"model": "petlistings.pet", "pk": 3, "fields": {"name": "Bella", "age": 6, "breed": "American Lop", "species": "rabbit", "gender": "Female", "image": "uploads/American_Fuzzy_Lop_lVixMFD.jpeg", "status": "available", "size": 9, "days_on_petpal": 0, "color": "Grey", "shelter": 3, "description": "Introducing Bella, a sweet and gentle three-year-old rabbit with a velvety soft fur coat and adorable floppy ears.", "behavior": "N/A", "medicalhistory": "Fully vaccinated, chipped", "needs": "N/A"}}, {"model": "petlistings.pet", "pk": 4, "fields": {"name": "Charlie", "age": 2, "breed": "Rotweiler", "species": "dog", "gender": "Male", "image": "uploads/rotweilerpuppy_Jyk30LA.jpg", "status": "available", "size": 4, "days_on_petpal": 0, "color": "Brown", "shelter": 3, "description": "Meet Charlie, a lovable and playful two-year-old dog with a handsome coat and soulful brown eyes", "behavior": "N/A", "medicalhistory": "Fully vaccinated, chipped", "needs": "N/A"}}, {"model": "petlistings.pet", "pk": 5, "fields": {"name": "Daisy", "age": 5, "breed": "Bombay", "species": "cat", "gender": "Female", "image": "uploads/bombay_890t8BA.jpg", "status": "available", "size": 5, "days_on_petpal": 0, "color": "black", "shelter": 3, "description": "Introducing Daisy, a graceful and affectionate five-year-old female cat with captivating emerald eyes and a luxurious calico coat", "behavior": "N/A", "medicalhistory": "Fully vaccinated, chipped", "needs": "N/A"}}, {"model": "petlistings.pet", "pk": 6, "fields": {"name": "Rocky", "age": 4, "breed": "French Lop", "species": "rabbit", "gender": "Male", "image": "uploads/frenchlop_ArJqKC7.jpg", "status": "available", "size": 8, "days_on_petpal": 0, "color": "White", "shelter": 3, "description": "Meet Rocky, an adventurous and spirited four-year-old male rabbit with a soft fur coat and lively twitching nose", "behavior": "N/A", "medicalhistory": "Fully vaccinated, chipped", "needs": "N/A"}}, {"model": "petlistings.pet", "pk": 7, "fields": {"name": "Zoey", "age": 3, "breed": "German Shepherd", "species": "dog", "gender": "Female", "image": "uploads/German_sO0P8ow.jpeg", "status": "available", "size": 10, "days_on_petpal": 0, "color": "Brown", "shelter": 3, "description": "Introducing Zoey, a lovable and energetic three-year-old female dog with a sleek coat and soulful brown eyes.", "behavior": "N/A", "medicalhistory": "Fully vaccinated, chipped", "needs": "N/A"}}, {"model": "petlistings.pet", "pk": 8, "fields": {"name": "Oliver", "age": 4, "breed": "Bombay", "species": "cat", "gender": "Male", "image": "uploads/bombay_7WdEEqv.jpg", "status": "available", "size": 9, "days_on_petpal": 0, "color": "Black", "shelter": 3, "description": "Meet Oliver, a charming and laid-back four-year-old male cat with mesmerizing green eyes and a sleek black coat.", "behavior": "N/A", "medicalhistory": "Fully vaccinated, chipped", "needs": "N/A"}}, {"model": "petlistings.pet", "pk": 9, "fields": {"name": "Nala", "age": 3, "breed": "Satin", "species": "rabbit", "gender": "Female", "image": "uploads/satinrabbit_tJNGND5.jpeg", "status": "available", "size": 7, "days_on_petpal": 0, "color": "Black", "shelter": 3, "description": "Introducing Nala, a sweet and gentle three-year-old female rabbit with soft, velvety fur and adorable floppy ears.", "behavior": "N/A", "medicalhistory": "Fully vaccinated, chipped", "needs": "N/A"}}, {"model": "petlistings.pet", "pk": 10, "fields": {"name": "Max", "age": 2, "breed": "Golden Retriever", "species": "dog", "gender": "Male", "image": "uploads/goldenretrieverpuppy_TAasc5X.jpeg", "status": "available", "size": 6, "days_on_petpal": 0, "color": "Golden", "shelter": 3, "description": "Meet Max, a lovable and playful two-year-old male dog with a glossy coat and expressive brown eyes.", "behavior": "Prefers to stay indoors", "medicalhistory": "Fully vaccinated, chipped", "needs": "N/A"}}, {"model": "petlistings.pet", "pk": 11, "fields": {"name": "Sadie", "age": 5, "breed": "Persian Cat", "species": "cat", "gender": "Female", "image": "uploads/PersionCat_IsLlTiL.jpeg", "status": "available", "size": 8, "days_on_petpal": 0, "color": "White", "shelter": 4, "description": "Meet Sadie, a graceful and affectionate five-year-old female cat with captivating blue eyes and a silky calico coat.", "behavior": "More of an indoor cat", "medicalhistory": "Fully vaccinated, chipped", "needs": "N/A"}}, {"model": "petlistings.pet", "pk": 12, "fields": {"name": "Teddy", "age": 7, "breed": "Beveren", "species": "rabbit", "gender": "Male", "image": "uploads/beveren_SaSwSrq.jpeg", "status": "available", "size": 12, "days_on_petpal": 0, "color": "Grey", "shelter": 4, "description": "Introducing Teddy, a spirited and lovable seven-year-old male rabbit with soft fur and adorable floppy ears.", "behavior": "Gets tired easily", "medicalhistory": "Fully vaccinated, chipped", "needs": "N/A"}}, {"model": "petlistings.pet", "pk": 13, "fields": {"name": "Ruby", "age": 3, "breed": "Husky", "species": "dog", "gender": "Female", "image": "uploads/husky_CCKtecz.jpg", "status": "available", "size": 10, "days_on_petpal": 0, "color": "Grey", "shelter": 4, "description": "Meet Ruby, a lovable and energetic three-year-old female dog with a shiny coat and soulful brown eyes.", "behavior": "Likes to socialize with other animals", "medicalhistory": "Fully vaccinated, chipped", "needs": "N/A"}}, {"model": "petlistings.pet", "pk": 14, "fields": {"name": "Winston", "age": 4, "breed": "Abyssinian", "species": "cat", "gender": "Male", "image": "uploads/Abyssinian_DExmTgO.jpg", "status": "available", "size": 5, "days_on_petpal": 0, "color": "Brown", "shelter": 4, "description": "Meet Winston, a charming and laid-back four-year-old male cat with striking amber eyes and a sleek coat.", "behavior": "N/A", "medicalhistory": "Fully vaccinated, chipped", "needs": "N/A"}}, {"model": "petlistings.pet", "pk": 15, "fields": {"name": "Chloe", "age": 3, "breed": "Satin", "species": "rabbit", "gender": "Female", "image": "uploads/satinrabbit_j3rwLq3.jpeg", "status": "available", "size": 6, "days_on_petpal": 0, "color": "Black", "shelter": 4, "description": "Introducing Chloe, a sweet and gentle three-year-old female rabbit with soft, velvety fur and adorable floppy ears.", "behavior": "N/A", "medicalhistory": "Fully vaccinated, chipped", "needs": "N/A"}}, {"model": "petlistings.pet", "pk": 16, "fields": {"name": "Jasper", "age": 2, "breed": "German Shepherd", "species": "dog", "gender": "Male", "image": "uploads/germanpuppy_ewYjwbV.jpeg", "status": "available", "size": 5, "days_on_petpal": 0, "color": "Brown", "shelter": 4, "description": "Meet Jasper, a lovable and playful two-year-old male dog with a sleek coat and soulful brown eyes.", "behavior": "N/A", "medicalhistory": "Fully vaccinated, chipped", "needs": "N/A"}}, {"model": "petlistings.pet", "pk": 17, "fields": {"name": "Lily", "age": 5, "breed": "Siamese", "species": "cat", "gender": "Female", "image": "uploads/Siam_lilacpoint_PMqJRdE.jpg", "status": "available", "size": 8, "days_on_petpal": 0, "color": "Grey", "shelter": 4, "description": "Meet Lily, a graceful and affectionate five-year-old female cat with captivating green eyes and a silky calico coat.", "behavior": "Doesn't get along well with other cats", "medicalhistory": "Fully vaccinated, chipped", "needs": "N/A"}}, {"model": "petlistings.pet", "pk": 18, "fields": {"name": "Toby", "age": 4, "breed": "American Lop", "species": "rabbit", "gender": "Male", "image": "uploads/American_Fuzzy_Lop_mr7FC9T.jpeg", "status": "available", "size": 7, "days_on_petpal": 0, "color": "Brown", "shelter": 4, "description": "Introducing Toby, a spirited and lovable four-year-old male rabbit with soft fur and adorable floppy ears.", "behavior": "Shy  and timid, gets tired easily", "medicalhistory": "Fully vaccinated, chipped", "needs": "N/A"}}, {"model": "petlistings.pet", "pk": 19, "fields": {"name": "Mia", "age": 6, "breed": "Corgi", "species": "dog", "gender": "Female", "image": "uploads/Corgi.jpg", "status": "available", "size": 10, "days_on_petpal": 0, "color": "Tan", "shelter": null, "description": "Meet Mia, a lovable and energetic six-year-old female dog with a shiny coat and soulful brown eyes.", "behavior": "N/A", "medicalhistory": "Fully vaccinated, chipped", "needs": "N/A"}}, {"model": "petlistings.pet", "pk": 20, "fields": {"name": "Mia", "age": 6, "breed": "Corgi", "species": "dog", "gender": "Female", "image": "uploads/Corgi_ZRo8q97.jpg", "status": "available", "size": 10, "days_on_petpal": 0, "color": "Tan", "shelter": null, "description": "Meet Mia, a lovable and energetic six-year-old female dog with a shiny coat and soulful brown eyes.", "behavior": "N/A", "medicalhistory": "Fully vaccinated, chipped", "needs": "N/A"}}, {"model": "petlistings.pet", "pk": 21, "fields": {"name": "Mia", "age": 6, "breed": "Golden Retriever", "species": "dog", "gender": "Female", "image": "uploads/goldenretreiver_1eMfHC7.jpg", "status": "available", "size": 10, "days_on_petpal": 0, "color": "Tan", "shelter": 4, "description": "Meet Mia, a lovable and energetic six-year-old female dog with a shiny coat and soulful brown eyes.", "behavior": "N/A", "medicalhistory": "Fully vaccinated, chipped", "needs": "N/A"}}, {"model": "petlistings.pet", "pk": 22, "fields": {"name": "Buddy", "age": 4, "breed": "Persian", "species": "cat", "gender": "Male", "image": "uploads/PersionCat_iuGUTWI.jpeg", "status": "available", "size": 6, "days_on_petpal": 0, "color": "White", "shelter": 4, "description": "Meet Buddy, a charming and laid-back four-year-old male cat with striking blue eyes and a sleek coat.", "behavior": "N/A", "medicalhistory": "Fully vaccinated, chipped", "needs": "N/A"}}, {"model": "notifications.notification", "pk": 2, "fields": {"type": "NEW_PET_LISTING", "read": false, "creation_time": "2023-12-09T05:20:25.190Z", "for_user": 2, "link": "http://localhost:3000/pet/1"}}, {"model": "notifications.notification", "pk": 3, "fields": {"type": "NEW_PET_LISTING", "read": false, "creation_time": "2023-12-09T05:23:22.478Z", "for_user": 1, "link": "http://localhost:3000/pet/2"}}, {"model": "notifications.notification", "pk": 4, "fields": {"type": "NEW_PET_LISTING", "read": false, "creation_time": "2023-12-09T05:23:22.493Z", "for_user": 2, "link": "http://localhost:3000/pet/2"}}, {"model": "notifications.notification", "pk": 5, "fields": {"type": "NEW_PET_LISTING", "read": false, "creation_time": "2023-12-09T05:25:17.249Z", "for_user": 1, "link": "http://localhost:3000/pet/3"}}, {"model": "notifications.notification", "pk": 6, "fields": {"type": "NEW_PET_LISTING", "read": false, "creation_time": "2023-12-09T05:25:17.264Z", "for_user": 2, "link": "http://localhost:3000/pet/3"}}, {"model": "notifications.notification", "pk": 7, "fields": {"type": "NEW_PET_LISTING", "read": false, "creation_time": "2023-12-09T05:29:39.401Z", "for_user": 1, "link": "http://localhost:3000/pet/4"}}, {"model": "notifications.notification", "pk": 8, "fields": {"type": "NEW_PET_LISTING", "read": false, "creation_time": "2023-12-09T05:29:39.416Z", "for_user": 2, "link": "http://localhost:3000/pet/4"}}, {"model": "notifications.notification", "pk": 9, "fields": {"type": "NEW_PET_LISTING", "read": false, "creation_time": "2023-12-09T05:31:22.692Z", "for_user": 1, "link": "http://localhost:3000/pet/5"}}, {"model": "notifications.notification", "pk": 10, "fields": {"type": "NEW_PET_LISTING", "read": false, "creation_time": "2023-12-09T05:31:22.706Z", "for_user": 2, "link": "http://localhost:3000/pet/5"}}, {"model": "notifications.notification", "pk": 11, "fields": {"type": "NEW_PET_LISTING", "read": false, "creation_time": "2023-12-09T05:33:32.624Z", "for_user": 1, "link": "http://localhost:3000/pet/6"}}, {"model": "notifications.notification", "pk": 12, "fields": {"type": "NEW_PET_LISTING", "read": false, "creation_time": "2023-12-09T05:33:32.638Z", "for_user": 2, "link": "http://localhost:3000/pet/6"}}, {"model": "notifications.notification", "pk": 13, "fields": {"type": "NEW_PET_LISTING", "read": false, "creation_time": "2023-12-09T05:37:14.104Z", "for_user": 1, "link": "http://localhost:3000/pet/7"}}, {"model": "notifications.notification", "pk": 14, "fields": {"type": "NEW_PET_LISTING", "read": false, "creation_time": "2023-12-09T05:37:14.119Z", "for_user": 2, "link": "http://localhost:3000/pet/7"}}, {"model": "notifications.notification", "pk": 15, "fields": {"type": "NEW_PET_LISTING", "read": false, "creation_time": "2023-12-09T05:44:06.921Z", "for_user": 1, "link": "http://localhost:3000/pet/8"}}, {"model": "notifications.notification", "pk": 16, "fields": {"type": "NEW_PET_LISTING", "read": false, "creation_time": "2023-12-09T05:44:06.935Z", "for_user": 2, "link": "http://localhost:3000/pet/8"}}, {"model": "notifications.notification", "pk": 17, "fields": {"type": "NEW_PET_LISTING", "read": false, "creation_time": "2023-12-09T05:46:05.281Z", "for_user": 1, "link": "http://localhost:3000/pet/9"}}, {"model": "notifications.notification", "pk": 18, "fields": {"type": "NEW_PET_LISTING", "read": false, "creation_time": "2023-12-09T05:46:05.295Z", "for_user": 2, "link": "http://localhost:3000/pet/9"}}, {"model": "notifications.notification", "pk": 19, "fields": {"type": "NEW_PET_LISTING", "read": false, "creation_time": "2023-12-09T05:47:47.590Z", "for_user": 1, "link": "http://localhost:3000/pet/10"}}, {"model": "notifications.notification", "pk": 20, "fields": {"type": "NEW_PET_LISTING", "read": false, "creation_time": "2023-12-09T05:47:47.604Z", "for_user": 2, "link": "http://localhost:3000/pet/10"}}, {"model": "notifications.notification", "pk": 21, "fields": {"type": "NEW_PET_LISTING", "read": false, "creation_time": "2023-12-09T06:02:55.396Z", "for_user": 1, "link": "http://localhost:3000/pet/11"}}, {"model": "notifications.notification", "pk": 22, "fields": {"type": "NEW_PET_LISTING", "read": false, "creation_time": "2023-12-09T06:02:55.411Z", "for_user": 2, "link": "http://localhost:3000/pet/11"}}, {"model": "notifications.notification", "pk": 23, "fields": {"type": "NEW_PET_LISTING", "read": false, "creation_time": "2023-12-09T06:05:28.093Z", "for_user": 1, "link": "http://localhost:3000/pet/12"}}, {"model": "notifications.notification", "pk": 24, "fields": {"type": "NEW_PET_LISTING", "read": false, "creation_time": "2023-12-09T06:05:28.108Z", "for_user": 2, "link": "http://localhost:3000/pet/12"}}, {"model": "notifications.notification", "pk": 25, "fields": {"type": "NEW_PET_LISTING", "read": false, "creation_time": "2023-12-09T06:07:22.055Z", "for_user": 1, "link": "http://localhost:3000/pet/13"}}, {"model": "notifications.notification", "pk": 26, "fields": {"type": "NEW_PET_LISTING", "read": false, "creation_time": "2023-12-09T06:07:22.083Z", "for_user": 2, "link": "http://localhost:3000/pet/13"}}, {"model": "notifications.notification", "pk": 27, "fields": {"type": "NEW_PET_LISTING", "read": false, "creation_time": "2023-12-09T06:09:08.165Z", "for_user": 1, "link": "http://localhost:3000/pet/14"}}, {"model": "notifications.notification", "pk": 28, "fields": {"type": "NEW_PET_LISTING", "read": false, "creation_time": "2023-12-09T06:09:08.179Z", "for_user": 2, "link": "http://localhost:3000/pet/14"}}, {"model": "notifications.notification", "pk": 29, "fields": {"type": "NEW_PET_LISTING", "read": false, "creation_time": "2023-12-09T06:10:49.704Z", "for_user": 1, "link": "http://localhost:3000/pet/15"}}, {"model": "notifications.notification", "pk": 30, "fields": {"type": "NEW_PET_LISTING", "read": false, "creation_time": "2023-12-09T06:10:49.719Z", "for_user": 2, "link": "http://localhost:3000/pet/15"}}, {"model": "notifications.notification", "pk": 31, "fields": {"type": "NEW_PET_LISTING", "read": false, "creation_time": "2023-12-09T06:15:42.940Z", "for_user": 1, "link": "http://localhost:3000/pet/16"}}, {"model": "notifications.notification", "pk": 32, "fields": {"type": "NEW_PET_LISTING", "read": false, "creation_time": "2023-12-09T06:15:42.954Z", "for_user": 2, "link": "http://localhost:3000/pet/16"}}, {"model": "notifications.notification", "pk": 33, "fields": {"type": "NEW_PET_LISTING", "read": false, "creation_time": "2023-12-09T06:17:24.742Z", "for_user": 1, "link": "http://localhost:3000/pet/17"}}, {"model": "notifications.notification", "pk": 34, "fields": {"type": "NEW_PET_LISTING", "read": false, "creation_time": "2023-12-09T06:17:24.757Z", "for_user": 2, "link": "http://localhost:3000/pet/17"}}, {"model": "notifications.notification", "pk": 35, "fields": {"type": "NEW_PET_LISTING", "read": false, "creation_time": "2023-12-09T06:19:24.457Z", "for_user": 1, "link": "http://localhost:3000/pet/18"}}, {"model": "notifications.notification", "pk": 36, "fields": {"type": "NEW_PET_LISTING", "read": false, "creation_time": "2023-12-09T06:19:24.471Z", "for_user": 2, "link": "http://localhost:3000/pet/18"}}, {"model": "notifications.notification", "pk": 37, "fields": {"type": "NEW_PET_LISTING", "read": false, "creation_time": "2023-12-09T06:26:47.674Z", "for_user": 1, "link": "http://localhost:3000/pet/21"}}, {"model": "notifications.notification", "pk": 38, "fields": {"type": "NEW_PET_LISTING", "read": false, "creation_time": "2023-12-09T06:26:47.688Z", "for_user": 2, "link": "http://localhost:3000/pet/21"}}, {"model": "notifications.notification", "pk": 39, "fields": {"type": "NEW_PET_LISTING", "read": false, "creation_time": "2023-12-09T06:29:20.439Z", "for_user": 1, "link": "http://localhost:3000/pet/22"}}, {"model": "notifications.notification", "pk": 40, "fields": {"type": "NEW_PET_LISTING", "read": false, "creation_time": "2023-12-09T06:29:20.454Z", "for_user": 2, "link": "http://localhost:3000/pet/22"}}, {"model": "auth_api.user", "pk": 1, "fields": {"password": "pbkdf2_sha256$600000$CR4aiTMw0VvGW0pvIj7Pwf$SJDy5uiwt7bj4O5Sl3o5Qtfb18nFpuxM1UFY2QbHugU=", "last_login": null, "is_superuser": false, "username": "isahmed", "first_name": "", "last_name": "", "email": "isahmed0149@gmail.com", "is_staff": false, "is_active": true, "date_joined": "2023-12-09T05:00:40.287Z", "account_type": "seeker", "avatar": "media/Siam_lilacpoint.jpg", "groups": [], "user_permissions": []}}, {"model": "auth_api.user", "pk": 2, "fields": {"password": "pbkdf2_sha256$600000$OiqKewQPJSCZT1XOK6yuAn$xHDEgNzHyxK3AxYRFgPK0wP1ez83hQcvOHNxIKH8wxE=", "last_login": null, "is_superuser": false, "username": "hujeff", "first_name": "", "last_name": "", "email": "jeff.hu@gmail.com", "is_staff": false, "is_active": true, "date_joined": "2023-12-09T05:01:11.211Z", "account_type": "seeker", "avatar": "media/Siam_lilacpoint_zUIKiXS.jpg", "groups": [], "user_permissions": []}}, {"model": "auth_api.user", "pk": 3, "fields": {"password": "pbkdf2_sha256$600000$7HHw377rVpcJxlEFTWT8OA$XMBIQoZT5MnwROPOZTc09vWajn0YOFhHmqlRjqyM5Xs=", "last_login": null, "is_superuser": false, "username": "compshelter", "first_name": "", "last_name": "", "email": "compshelter@gmail.com", "is_staff": false, "is_active": true, "date_joined": "2023-12-09T05:08:41.378Z", "account_type": "shelter", "avatar": "media/shelter1.jpeg", "groups": [], "user_permissions": []}}, {"model": "auth_api.user", "pk": 4, "fields": {"password": "pbkdf2_sha256$600000$u0sX5UhimdGig5Qt9xavCu$aUU+AuOMw5h0XLRH5IX5XfVqNt6RxsHo4bjGppW9cZ8=", "last_login": null, "is_superuser": false, "username": "secchance", "first_name": "", "last_name": "", "email": "secondchance@gmail.com", "is_staff": false, "is_active": true, "date_joined": "2023-12-09T05:11:27.130Z", "account_type": "shelter", "avatar": "media/shelter2.jpeg", "groups": [], "user_permissions": []}}, {"model": "auth_api.user", "pk": 5, "fields": {"password": "pbkdf2_sha256$600000$e8F1Ob8Zip3ZSgoZzWs0QX$QP2ZZXqcOGud/j0KiZpis1HRegPPWE3TMn+aIdkoPnE=", "last_login": null, "is_superuser": false, "username": "test_admin", "first_name": "", "last_name": "", "email": "test@admin.com", "is_staff": false, "is_active": true, "date_joined": "2023-12-09T09:59:25.427Z", "account_type": "admin", "avatar": "", "groups": [], "user_permissions": []}}, {"model": "auth_api.admin", "pk": 5, "fields": {}}, {"model": "auth_api.seeker", "pk": 1, "fields": {}}, {"model": "auth_api.seeker", "pk": 2, "fields": {}}, {"model": "auth_api.shelter", "pk": 3, "fields": {"name": "Compassionate Shelter", "address": "123 St George St", "phone_number": "123-456-7890", "mission": "We are dedicated to providing a haven for stray, abandoned, and surrendered animals, offering them a second chance at a life filled with love, care, and dignity. Our mission is to rescue, rehabilitate, and rehome pets, promoting responsible pet ownership and advocating for the welfare of all animals. Through unwavering commitment, education, and community engagement, we strive to create a world where every pet has a safe and loving forever home. At our organization, we believe in the transformative power of the human-animal bond and endeavor to build a more compassionate and empathetic society for both people and pets alike."}}, {"model": "auth_api.shelter", "pk": 4, "fields": {"name": "Second Chance", "address": "124 St George st.", "phone_number": "124-356-7890", "mission": "We are dedicated to providing a haven for stray, abandoned, and surrendered animals, offering them a second chance at a life filled with love, care, and dignity. Our mission is to rescue, rehabilitate, and rehome pets, promoting responsible pet ownership and advocating for the welfare of all animals. Through unwavering commitment, education, and community engagement, we strive to create a world where every pet has a safe and loving forever home. At our organization, we believe in the transformative power of the human-animal bond and endeavor to build a more compassionate and empathetic society for both people and pets alike."}}]